<?xml version="1.0" encoding="UTF-8"?>
<!DOCTYPE AGENDA SYSTEM "agenda.dtd">
<AGENDA>
    <ENTRADA id="e1" tipo="pessoa">
        <NOME>José Carlos Ramalho</NOME>
        <EMAIL>jcr@di.uminho.pt</EMAIL>
        <TELEFONE>253 604479</TELEFONE>
    </ENTRADA>
    <GRUPO gid="epl">
        <ENTRADA id="e2" tipo="pessoa">
            <NOME>Pedro Henriques</NOME>
            <EMAIL>prh@di.uminho.pt</EMAIL>
            <TELEFONE>253 604469</TELEFONE>
        </ENTRADA>
        <REFERENCIA refent="e1"/>
        <ENTRADA id="e3" tipo="pessoa">
            <NOME>João Saraiva</NOME>
            <EMAIL>jas@di.uminho.pt</EMAIL>
            <TELEFONE>253 604479</TELEFONE>
        </ENTRADA>
    </GRUPO>
    <ENTRADA id="e4" tipo="empresa">
        <NOME>Lavandaria Tudo Branco</NOME>
        <TELEFONE>253 604433</TELEFONE>
    </ENTRADA>
</AGENDA>